                  epoch,         train/box_loss,         train/cls_loss,         train/dfl_loss,   metrics/precision(B),      metrics/recall(B),       metrics/mAP50(B),    metrics/mAP50-95(B),           val/box_loss,           val/cls_loss,           val/dfl_loss,                 lr/pg0,                 lr/pg1,                 lr/pg2
                      1,                 1.3595,                 0.7189,                 1.2639,                0.83364,                0.81813,                0.87764,                0.47082,                 1.5606,                0.78581,                  1.384,             0.00055356,             0.00055356,             0.00055356
                      2,                 1.3937,                   0.75,                 1.2935,                0.82208,                0.81323,                0.86249,                0.46028,                 1.5707,                  0.804,                 1.3915,             0.00099941,             0.00099941,             0.00099941
                      3,                  1.409,                0.77302,                 1.3121,                0.82258,                0.81736,                0.86507,                0.45764,                 1.5694,                0.82898,                 1.3997,              0.0013352,              0.0013352,              0.0013352
