                  epoch,         train/box_loss,         train/cls_loss,         train/dfl_loss,   metrics/precision(B),      metrics/recall(B),       metrics/mAP50(B),    metrics/mAP50-95(B),           val/box_loss,           val/cls_loss,           val/dfl_loss,                 lr/pg0,                 lr/pg1,                 lr/pg2
                      1,                 2.4124,                 3.7671,                 1.8961,                0.00825,                0.97917,                0.18185,                0.06037,                 1.8869,                  3.472,                 1.4022,                0.00014,                0.00014,                0.00014
                      2,                 1.9036,                 3.6589,                 1.4857,                0.00754,                0.89583,                0.07548,                0.01735,                 2.3804,                 3.5889,                  1.849,             0.00029703,             0.00029703,             0.00029703
                      3,                 1.9556,                 2.6663,                  1.473,                0.00772,                0.91667,                0.37698,                0.16816,                 1.7833,                  3.315,                 1.4209,             0.00045089,             0.00045089,             0.00045089
